name,price
"Ichiro's Malt Double Distilleries
(46.5%)",£115
The Nikka 12 Year Old,£125
Mars Maltage Cosmo,£55.95
Suntory Hakushu Distiller's Reserve,£66.95
Nikka Days,£38.95
Akashi-Tai Shiraume Ginjo Umeshu,£19.25
"Ki No Bi Gin Set
3x20cl",£53.95
Hatozaki Pure Malt Japanese Whisky,£47.45
Ichiro's Malt & Grain Japanese Whisky,£69.95
"Chichibu Single Malt Japanese Whisky Tasting Set
6x3cl",£120
Hatozaki Blended Japanese Whisky,£33.95
"Ichiro's Malt & Grain
Japanese Blended Whisky 2020","£1,750"
Enso Japanese Whisky,£55.95
Suntory Hibiki Harmony,£71.45
Nikka Coffey Grain Whisky,£54.95
"Suntory Toki
Glass Pack",£34.95
Suntory Toki,£31.95
Togouchi Premium Blended Whisky,£45.25
Nikka Coffey Grain Whisky Sample,£5.95
Suntory Hibiki 21 Year Old,£800
Ichiro's Malt & Grain Sample,£6.95
Suntory Toki Sample,£4.45
Tokinoka White Blended Whisky,£32.95
Togouchi 15 Year Old,£175
"Mars Komatgatake Sample
Bot.2020",£10.95
Kaiyo Mizunara Oak,£82.95
Tokinoka Black Blended Whisky,£47.95
Kaiyo Peated Mizunara Oak,£99.95
Suntory Kakubin Yellow Label,£59.45
"Yamazakura 963
8 Year Old",£77.95
Togouchi Whisky 12 Year Old,£81.25
Suntory Hibiki 12 Year Old,£700
"Ichiro's Malt & Grain
World Blended Whisky 2018 Limited Edition",£275
"Chichibu 2013 Sherry Oloroso Cask
Velier 70th Anniversary","£1,800"
"Chichibu 2009
10 Year Old Artist International 10th Anniversary","£3,500"
"Hanyu 1985 The Joker
Monochrome Label","£60,000"
"Hanyu
The Joker Colour Label","£7,500"
"Suntory Hibiki 12 Year Old
Half Litre",£450
Nikka From the Barrel,£42.95
Suntory Yamazaki 12 Year Old,£135
Suntory Yamazaki Distiller's Reserve,£68.95
Nikka Coffey Malt Whisky,£58.45
Nikka Miyagikyo Single Malt,£74.95
Suntory Chita Whisky,£49.95
Nikka Yoichi Single Malt,£74.95
"Super Nikka
Rare Old",£50.25
Suntory Hakushu 12 Year Old,£175
Ichiro's Malt Wine Wood Reserve,£115
"Ichiro's Malt MWR
Mizunara Wood Reserve",£115
Suntory Yamazaki 12 Year Old Sample,£10.95
Nikka Taketsuru Pure Malt,£84.95
Nikka Pure Malt Red,£46.45
Akashi Blended Whisky,£32.95
Suntory Yamazaki 18 Year Old,£795
"Nikka Taketsuru Pure Malt
2020 Release",£59.95
Nikka Miyagikyo Sample,£7.25
Nikka Yoichi Single Malt Sample,£7.25
Nikka Taketsuru Pure Malt Sample,£7.25
Suntory Hakushu Distiller's Reserve Sample,£6.75
Suntory Hakushu 12 Year Old Sample,£13.75
"Ichiro's Malt & Grain
World Blended Whisky 2020 Blue Label",£185
Akashi Single Malt Whisky,£73.75
Suntory Hakushu 10 Year Old,£325
Akashi 5 Year Old Sherry Cask Sample,£16.25
Mars Cosmo Wine Cask Finish Sample,£7.95
Mars Kasei Blended Whisky,£42.95
Suntory Hakushu 25 Year Old,"£4,000"
"Nikka Coffey Malt Whisky Show Package
1 Ticket",£165
"Mars Komagatake Shinanotanpopo
Nature of Shinshu",£125
"Chichibu The Peated 2012
Bot.2016",£500
"Hanyu 2000
Cask 362 TWE Bottling","£2,500"
"Chichibu On The Way
Bot.2015 Ichiro's Malt",£500
"Hanyu 2000 Final Vintage
15 Year Old Ichiro's Malt","£1,750"
"Karuizawa 1980
Bot.2015","£9,000"
"Karuizawa 1979
35 Year Old Cask #8187","£7,000"
"Karuizawa 1983
Bot.2014 Sherry Cask","£7,000"
"Karuizawa 1984
29 Years Old Sherry Cask #3662","£12,000"
"Karuizawa Spirit of Asama
55%","£2,000"
"Karuizawa Spirit of Asama
48%","£1,750"
Suntory Hakushu 18 Year Old,£600
Nikka Yoichi 10 Year Old,£500
Nikka Taketsuru 17 Year Old,£450
Nikka Miyagikyo 12 Year Old,£550
"Suntory Excellence Whisky
Bot.1970s",£600
"Nikka Coffey Malt Whisky Show Package
2 Tickets",£260
"Karuizawa 1967
42 Year Old Cask #6426 TWE 10th Anniversary","£22,500"
"Nikka Yoichi 1987
23 Year Old Cask #112814 LMDW","£3,500"
"Suntory Yamazaki Mizunara
Bot.2011","£5,000"
"Nikka Yoichi 1987
18 Year Old Cask #254816","£3,500"
"Karuizawa 36 Year Old
Sapphire Geisha","£28,000"
"Karuizawa 31 Year Old
Sapphire Geisha","£19,000"
"Nikka Yoichi 50th Anniversary
Limited Edition 2019","£5,000"
"Nikka Miyagikyo 50th Anniversary
Limited Edition 2019","£4,500"
"Chichibu 2011 Imperial Stout Cask Sample
TWE Exclusive",£49.95
"Chichibu 2010
Cask #1000","£3,250"
"Karuizawa 37 Year Old
Pearl Geisha","£35,000"
"Karuizawa 38 Year Old
Pearl Geisha","£25,000"
Nikka Taketsuru 21 Year Old,"£1,000"
"Karuizawa 35 Year Old
Bourbon Cask 8518 Emerald Geisha","£18,000"
"SMWS 116.4 (Yoichi)
1988 13 Year Old","£2,000"
"Suntory Yamazaki Mizunara 18 Year Old
2017 Edition","£5,000"
Suntory Torys Classic,£30.45
Yamazaki Bourbon Barrel,"£1,500"
"Hanyu 2000
Cask #359 No 1 10th Anniversary","£1,750"
"Karuizawa 1984
28 Year Old Cocktail Series","£8,000"
"Karuizawa 1980
34 Year Old Cask #6476","£6,500"
"Karuizawa 1984
Bot.2014 Sherry Cask #3657","£7,500"
"Nikka Taketsuru 21 Year Old
80th Anniversary","£1,200"
"Karuizawa 30 Year Old
Sherry Cask #5347","£25,000"
"Karuizawa 29 Year Old
Bourbon Cask #8897","£22,500"
"Nikka Taketsuru 25 Year Old
Pure Malt","£4,000"
"Karuizawa 30 Year Old
Bourbon Cask #8606","£12,000"
"SMWS 116.1 (Yoichi)
1986 16 Year Old","£5,000"
"Karuizawa 1984
First Fill Sherry Cask #4021","£9,500"
"Suntory Yamazaki Puncheon
Bot.2011","£1,500"
"Karuizawa 1967
42 Year Old Cask #6426 TWE 10th Anniversary","£22,500"
"Hanyu 1990
Queen of Hearts Cask #9102","£25,000"
Nikka Yoichi 20 Year Old,"£3,000"
Nikka Yoichi 12 Year Old,£750
"Suntory Yamazaki 10 Year Old
Bot.2000s",£450
Nikka Miyagikyo 15 Year Old,£800
Nikka Miyagikyo 10 Year Old,£450
